,public_id
0,skilling-j\inbox\1213_
1,sager-e\inbox\201_
2,watson-k\inbox\466_
3,dasovich-j\all_documents\12870_
4,lewis-a\all_documents\94_
5,dasovich-j\all_documents\10462_
6,dasovich-j\all_documents\28082_
7,dasovich-j\sent_items\363_
8,hyatt-k\deleted_items\479_
9,skilling-j\inbox\356_
10,baughman-d\all_documents\86_
11,sanders-r\all_documents\1095_
12,allen-p\sent_items\2_
13,jones-t\all_documents\9480_
14,horton-s\inbox\21_
15,haedicke-m\all_documents\1048_
16,kitchen-l\_americas\regulatory\166_
17,reitmeyer-j\inbox\114_
18,derrick-j\all_documents\114_
19,shackleton-s\sent_items\652_
20,shackleton-s\all_documents\9167_
21,bass-e\all_documents\211_
22,mann-k\all_documents\6428_
23,kaminski-v\deleted_items\1175_
24,arora-h\all_documents\27_
25,farmer-d\all_documents\30_
26,dasovich-j\all_documents\28969_
27,dasovich-j\all_documents\9777_
28,dasovich-j\sent_items\373_
29,shackleton-s\all_documents\10270_
30,grigsby-m\all_documents\148_
31,dasovich-j\all_documents\4242_
32,dasovich-j\all_documents\12673_
33,baughman-d\deleted_items\378_
34,beck-s\all_documents\199_
35,hyvl-d\all_documents\1412_
36,shapiro-r\all_documents\175_
37,lewis-a\deleted_items\917_
38,scholtes-d\ferc\37_
39,ruscitti-k\all_documents\3_
40,davis-d\sent_items\25_
41,cash-m\inbox\282_
42,kaminski-v\sent_items\2280_
43,cash-m\inbox\270_
44,kean-s\all_documents\5803_
45,sager-e\all_documents\743_
46,dasovich-j\all_documents\7784_
47,dasovich-j\deleted_items\2086_
48,dasovich-j\all_documents\28927_
49,tholt-j\sent_items\120_
50,thomas-p\inbox\4_
51,dasovich-j\all_documents\12689_
52,kean-s\all_documents\2213_
53,lokay-m\enron_travel_club\46_
54,fossum-d\_sent_mail\1325_
55,dasovich-j\sent_items\479_
56,corman-s\inbox\archives\122_
57,lokey-t\deleted_items\148_
58,allen-p\deleted_items\452_
59,skilling-j\inbox\882_
60,haedicke-m\all_documents\4755_
61,weldon-c\deleted_items\27_
62,dasovich-j\deleted_items\1286_
63,keavey-p\all_documents\3_
64,hodge-j\sent_items\54_
65,taylor-m\inbox\lisa_j\58_
66,lay-k\inbox\633_
67,scott-s\wordsmith\136_
68,hayslett-r\sent_items\267_
69,corman-s\inbox\archives\116_
70,kean-s\all_documents\5722_
71,skilling-j\inbox\2487_
72,ward-k\all_documents\80_
73,derrick-j\all_documents\67_
74,allen-p\deleted_items\420_
75,nemec-g\sent_items\92_
76,dasovich-j\all_documents\13028_
77,hayslett-r\projects\hold\4_
78,dasovich-j\all_documents\28046_
79,sanders-r\all_documents\1255_
80,shapiro-r\deleted_items\711_
81,ward-k\sent_items\741_
82,taylor-m\inbox\27_
83,wolfe-j\06_saved\50_
84,hyatt-k\deleted_items\292_
85,steffes-j\sent_items\1035_
86,hendrickson-s\deleted_items\81_
87,dasovich-j\all_documents\4716_
88,hyvl-d\all_documents\678_
89,haedicke-m\all_documents\944_
90,dasovich-j\all_documents\13488_
91,hyatt-k\deleted_items\340_
92,pereira-s\all_documents\34_
93,shapiro-r\all_documents\332_
94,grigsby-m\all_documents\14_
95,lenhart-m\all_documents\75_
96,wolfe-j\all_documents\10_
97,giron-d\all_documents\357_
98,dasovich-j\sent_items\365_
99,skilling-j\inbox\965_
100,kaminski-v\deleted_items\1240_
101,taylor-m\sent_items\53_
102,ward-k\sent_items\744_
103,sanders-r\all_documents\1266_
104,shackleton-s\deleted_items\411_
105,dasovich-j\all_documents\8857_
106,campbell-l\inbox\266_
107,hyvl-d\all_documents\1507_
108,sager-e\inbox\772_
109,beck-s\all_documents\177_
110,shackleton-s\all_documents\9688_
111,horton-s\all_documents\652_
112,dasovich-j\deleted_items\918_
113,dasovich-j\all_documents\8002_
114,ward-k\sent_items\735_
115,fossum-d\all_documents\1673_
116,tycholiz-b\inbox\554_
117,kean-s\all_documents\6222_
118,lokay-m\tw_commercial_group\1599_
119,dasovich-j\inbox\869_
120,shackleton-s\all_documents\5106_
121,shackleton-s\all_documents\10382_
122,shapiro-r\all_documents\237_
123,cash-m\deleted_items\382_
124,lavorato-j\deleted_items\52_
125,kean-s\all_documents\5516_
126,dasovich-j\sent_items\372_
127,dasovich-j\all_documents\28078_
128,weldon-c\deleted_items\220_
129,hyatt-k\deleted_items\393_
130,kitchen-l\_americas\regulatory\242_
131,derrick-j\all_documents\106_
132,mann-k\all_documents\2517_
133,shapiro-r\all_documents\1791_
134,lewis-a\deleted_items\69_
135,steffes-j\deleted_items\293_
136,corman-s\deleted_items\476_
137,dasovich-j\sent_items\494_
138,horton-s\deleted_items\8_
139,shackleton-s\all_documents\10266_
140,weldon-c\deleted_items\34_
141,wolfe-j\inbox\244_
142,steffes-j\sent_items\438_
143,campbell-l\inbox\20_
144,rogers-b\sent_items\105_
145,reitmeyer-j\sent_items\25_
146,kean-s\contributions\7_
147,lay-k\all_documents\1050_
148,dasovich-j\all_documents\4164_
149,haedicke-m\all_documents\5075_
150,bass-e\all_documents\156_
151,dasovich-j\inbox\47_
152,skilling-j\deleted_items\465_
153,whalley-g\all_documents\277_
154,taylor-m\inbox\66_
155,skilling-j\inbox\881_
156,lokey-t\deleted_items\6_
157,keavey-p\deleted_items\71_
158,shackleton-s\all_documents\9007_
159,lewis-a\all_documents\30_
160,jones-t\all_documents\10327_
161,baughman-d\deleted_items\276_
162,hyatt-k\deleted_items\230_
163,storey-g\deleted_items\245_
164,motley-m\deleted_items\19_
165,kean-s\all_documents\2250_
166,carson-m\deleted_items\17_
167,dasovich-j\deleted_items\359_
168,sager-e\inbox\807_
169,hain-m\all_documents\472_
170,kean-s\all_documents\5632_
171,kean-s\all_documents\5629_
172,sanders-r\all_documents\1570_
173,ruscitti-k\all_documents\22_
174,lokay-m\all_documents\2084_
175,dasovich-j\deleted_items\514_
176,kean-s\japan\223_
177,wolfe-j\sent_items\75_
178,campbell-l\inbox\18_
179,sanders-r\ees_neg_ctc\26_
180,hyatt-k\deleted_items\460_
181,watson-k\sent_items\37_
182,tycholiz-b\inbox\537_
183,grigsby-m\deleted_items\7_
184,shackleton-s\all_documents\8960_
185,shackleton-s\deleted_items\312_
186,geaccone-t\deleted_items\189_
187,jones-t\all_documents\9303_
188,jones-t\all_documents\9951_
189,kitchen-l\_americas\regulatory\154_
190,beck-s\all_documents\201_
191,shapiro-r\canada\55_
192,skilling-j\inbox\1509_
193,steffes-j\inbox\302_
194,sager-e\all_documents\3199_
195,taylor-m\deleted_items\566_
196,shapiro-r\deleted_items\1373_
197,allen-p\sent_items\400_
198,williams-j\all_documents\73_
199,lewis-a\all_documents\123_
200,dasovich-j\deleted_items\1991_
201,corman-s\inbox\archives\125_
202,dasovich-j\all_documents\13456_
203,kean-s\sent_items\340_
204,martin-t\deleted_items\80_
205,williams-w3\bill_williams_iii\12_
206,thomas-p\deleted_items\154_
207,nemec-g\all_documents\5894_
208,giron-d\all_documents\20_
209,schwieger-j\all_documents\6_
210,dasovich-j\all_documents\27856_
211,dasovich-j\sent_items\826_
212,kean-s\all_documents\6201_
213,cash-m\all_documents\56_
214,nemec-g\deleted_items\175_
215,shively-h\deleted_items\810_
216,steffes-j\sent_items\374_
217,kitchen-l\_americas\regulatory\222_
218,watson-k\sent_items\38_
219,dasovich-j\all_documents\9565_
220,giron-d\all_documents\171_
221,grigsby-m\all_documents\120_
222,hain-m\all_documents\739_
223,lavorato-j\sent_items\451_
224,sager-e\all_documents\757_
225,sanders-r\all_documents\1091_
226,shapiro-r\deleted_items\761_
227,shankman-j\deleted_items\831_
228,skilling-j\inbox\1592_
229,white-s\inbox\304_
230,dasovich-j\all_documents\7863_
231,cash-m\inbox\dlr\19_
232,jones-t\sent_items\79_
233,shackleton-s\deleted_items\297_
234,kean-s\all_documents\2175_
235,storey-g\deleted_items\219_
236,kean-s\all_documents\2293_
237,shackleton-s\all_documents\9974_
238,scott-s\deleted_items\267_
239,cash-m\inbox\dlr\23_
240,tycholiz-b\inbox\328_
241,watson-k\sent_items\44_
242,allen-p\all_documents\15_
243,kean-s\sent_items\570_
244,lewis-a\all_documents\14_
245,shapiro-r\all_documents\671_
246,symes-k\all_documents\3666_
247,motley-m\deleted_items\17_
248,lewis-a\inbox\101_
249,cash-m\deleted_items\307_
250,nemec-g\all_documents\4423_
251,lewis-a\all_documents\48_
252,fossum-d\_sent_mail\1321_
253,sager-e\inbox\808_
254,sanders-r\all_documents\1572_
255,steffes-j\deleted_items\80_
256,hodge-j\inbox\372_
257,kitchen-l\sent_items\704_
258,martin-t\sent_items\91_
259,whalley-g\sent_items\79_
260,dasovich-j\all_documents\4674_
261,beck-s\all_documents\175_
262,mann-k\all_documents\2520_
263,dasovich-j\sent_items\1351_
264,shapiro-r\deleted_items\500_
265,nemec-g\inbox\1329_
266,cash-m\inbox\dlr\3_
267,dasovich-j\all_documents\4244_
268,steffes-j\inbox\424_
269,corman-s\inbox\archives\123_
270,hodge-j\inbox\371_
271,love-p\all_documents\1035_
272,dean-c\all_documents\275_
273,dasovich-j\all_documents\10510_
274,kitchen-l\_americas\regulatory\83_
275,steffes-j\sent_items\2200_
276,kean-s\all_documents\5599_
277,skilling-j\inbox\1277_
278,shapiro-r\all_documents\208_
279,shapiro-r\all_documents\540_
280,kitchen-l\inbox\114_
281,dasovich-j\all_documents\4418_
282,corman-s\inbox\66_
283,tycholiz-b\sent_items\382_
284,baughman-d\inbox\367_
285,grigsby-m\all_documents\30_
286,lewis-a\all_documents\85_
287,dasovich-j\all_documents\10477_
288,derrick-j\all_documents\113_
289,love-p\personal\52_
290,mann-k\all_documents\2379_
291,kean-s\japan\224_
292,kean-s\all_documents\2115_
293,lewis-a\all_documents\128_
294,dasovich-j\deleted_items\2001_
295,shackleton-s\deleted_items\424_
296,dasovich-j\all_documents\9535_
297,rapp-b\inbox\195_
298,cash-m\inbox\dlr\38_
299,kaminski-v\all_documents\1252_
300,cash-m\inbox\dlr\21_
301,tholt-j\sent_items\46_
302,dasovich-j\all_documents\13206_
303,lay-k\inbox\198_
304,ermis-f\inbox\448_
305,hendrickson-s\deleted_items\62_
306,dorland-c\deleted_items\198_
307,kean-s\all_documents\2189_
308,dasovich-j\all_documents\10550_
309,dasovich-j\all_documents\4277_
310,baughman-d\deleted_items\235_
311,hyatt-k\tw\el_paso\2_
312,gilbertsmith-d\inbox\115_
313,kitchen-l\sent_items\496_
314,kean-s\all_documents\2154_
315,lokay-m\all_documents\2177_
316,fossum-d\all_documents\1573_
317,tycholiz-b\sent_items\387_
318,keavey-p\all_documents\392_
319,ward-k\deleted_items\253_
320,taylor-m\deleted_items\214_
321,tycholiz-b\sent_items\380_
322,hendrickson-s\deleted_items\161_
323,bass-e\all_documents\118_
324,steffes-j\deleted_items\88_
325,hodge-j\inbox\655_
326,shively-h\all_documents\5_
327,taylor-m\all_documents\8005_
328,kean-s\all_documents\2260_
329,guzman-m\all_documents\407_
330,cash-m\inbox\dlr\1_
331,dasovich-j\all_documents\8327_
332,kean-s\all_documents\6372_
333,dasovich-j\sent_items\484_
334,keavey-p\inbox\175_
335,keavey-p\inbox\243_
336,lewis-a\all_documents\58_
337,lucci-p\humor\8_
338,arora-h\deleted_items\120_
339,derrick-j\inbox\236_
340,whalley-g\all_documents\152_
341,derrick-j\deleted_items\306_
342,mann-k\all_documents\2518_
343,sager-e\inbox\718_
344,shackleton-s\all_documents\10784_
345,corman-s\inbox\archives\117_
346,baughman-d\deleted_items\415_
347,beck-s\all_documents\3569_
348,allen-p\sent_items\396_
349,cash-m\all_documents\28_
350,haedicke-m\all_documents\4669_
351,bass-e\all_documents\60_
352,dasovich-j\all_documents\4272_
353,dasovich-j\all_documents\12010_
354,jones-t\inbox\128_
355,hyvl-d\all_documents\1411_
356,tycholiz-b\sent_items\384_
357,shapiro-r\canada\53_
358,hodge-j\inbox\373_
359,germany-c\bankrupt\54_
360,shapiro-r\deleted_items\patriotism\10_
361,jones-t\sent_items\80_
362,kitchen-l\_americas\regulatory\17_
363,haedicke-m\all_documents\4724_
364,dorland-c\deleted_items\158_
365,dasovich-j\all_documents\8580_
366,lewis-a\all_documents\24_
367,baughman-d\inbox\154_
368,sager-e\all_documents\797_
369,sager-e\deleted_items\75_
370,corman-s\inbox\archives\115_
371,sager-e\all_documents\3164_
372,kaminski-v\all_documents\1282_
373,shackleton-s\deleted_items\268_
374,shackleton-s\deleted_items\343_
375,wolfe-j\inbox\305_
376,thomas-p\deleted_items\542_
377,kitchen-l\_americas\it\28_
378,mann-k\all_documents\2392_
379,ward-k\all_documents\78_
380,grigsby-m\all_documents\8_
381,kean-s\all_documents\6035_
382,whalley-g\all_documents\81_
383,whalley-g\all_documents\82_
384,tholt-j\janie\153_
385,dasovich-j\all_documents\11195_
386,fossum-d\all_documents\1669_
387,shackleton-s\inbox\997_
388,hernandez-j\all_documents\224_
389,dasovich-j\all_documents\11107_
390,dasovich-j\all_documents\10422_
391,lokay-m\tw_commercial_group\1272_
392,dasovich-j\all_documents\4216_
393,dasovich-j\all_documents\12094_
394,dasovich-j\all_documents\27778_
395,jones-t\all_documents\11233_
396,heard-m\deleted_items\63_
397,dasovich-j\sent_items\301_
398,perlingiere-d\inbox\132_
399,whalley-g\all_documents\338_
400,nemec-g\sent_items\72_
401,shankman-j\all_documents\547_
402,skilling-j\inbox\884_
403,thomas-p\deleted_items\294_
404,corman-s\inbox\archives\119_
405,jones-t\inbox\129_
406,tycholiz-b\sent_items\381_
407,hyatt-k\sent_items\138_
408,shapiro-r\all_documents\1776_
409,haedicke-m\all_documents\1111_
410,kean-s\sent_items\246_
411,lokey-t\inbox\220_
412,dasovich-j\all_documents\12003_
413,skilling-j\inbox\964_
414,allen-p\deleted_items\449_
415,jones-t\all_documents\9210_
416,cuilla-m\sent_items\75_
417,cash-m\inbox\dlr\40_
418,skilling-j\deleted_items\391_
419,shapiro-r\deleted_items\678_
420,wolfe-j\all_documents\13_
421,dasovich-j\deleted_items\1844_
422,scott-s\deleted_items\261_
423,germany-c\sent_items\668_
424,nemec-g\inbox\186_
425,hyatt-k\deleted_items\535_
426,kitchen-l\_americas\regulatory\235_
427,dasovich-j\deleted_items\616_
428,skilling-j\inbox\1263_
429,jones-t\all_documents\10988_
430,hyatt-k\deleted_items\637_
431,rodrique-r\all_documents\388_
432,kitchen-l\_americas\regulatory\71_
433,derrick-j\inbox\77_
434,keavey-p\all_documents\2_
435,sager-e\all_documents\756_
436,shackleton-s\all_documents\5166_
437,kean-s\all_documents\2243_
438,beck-s\all_documents\206_
439,parks-j\deleted_items\44_
440,lay-k\all_documents\1040_
441,perlingiere-d\sent_items\162_
442,mcconnell-m\inbox\93_
443,rapp-b\inbox\294_
444,weldon-c\deleted_items\210_
445,shackleton-s\all_documents\10259_
446,nemec-g\all_documents\4842_
447,lewis-a\all_documents\13_
448,tycholiz-b\sent_items\388_
449,jones-t\all_documents\5892_
450,hendrickson-s\deleted_items\148_
451,tholt-j\sent_items\121_
452,farmer-d\all_documents\28_
453,kaminski-v\all_documents\2483_
454,dasovich-j\all_documents\29177_
455,wolfe-j\09_saved\18_
456,bass-e\deleted_items\211_
457,semperger-c\deleted_items\120_
458,dasovich-j\sent_items\480_
459,kean-s\all_documents\6533_
460,hendrickson-s\deleted_items\122_
461,farmer-d\all_documents\27_
462,corman-s\inbox\archives\121_
463,buy-r\deleted_items\23_
464,kaminski-v\ei\3_
465,shapiro-r\all_documents\605_
466,dasovich-j\inbox\503_
467,whalley-g\all_documents\90_
468,dasovich-j\all_documents\9708_
469,haedicke-m\all_documents\4612_
470,nemec-g\all_documents\4520_
471,shapiro-r\all_documents\931_
472,kaminski-v\all_documents\2711_
473,derrick-j\sent_items\608_
474,shackleton-s\deleted_items\412_
475,shackleton-s\deleted_items\549_
476,beck-s\all_documents\200_
477,dasovich-j\all_documents\29340_
478,martin-t\deleted_items\82_
479,allen-p\sent_items\401_
480,lay-k\inbox\563_
481,baughman-d\deleted_items\30_
482,crandell-s\deleted_items\19_
483,hendrickson-s\deleted_items\149_
484,ward-k\inbox\324_
485,lay-k\inbox\729_
486,steffes-j\deleted_items\154_
487,whalley-g\all_documents\105_
488,lewis-a\deleted_items\989_
489,cash-m\deleted_items\205_
490,lewis-a\all_documents\59_
491,hayslett-r\vacations\13_
492,jones-t\all_documents\10780_
493,ward-k\deleted_items\331_
494,rapp-b\inbox\391_
495,williams-w3\bill_williams_iii\521_
496,nemec-g\sent_items\575_
497,kean-s\sent_items\247_
498,giron-d\all_documents\21_
499,cash-m\deleted_items\41_
500,cash-m\inbox\49_
501,dasovich-j\all_documents\9705_
502,skilling-j\inbox\1296_
503,crandell-s\deleted_items\83_
504,mann-k\inbox\316_
505,crandell-s\inbox\87_
506,kitchen-l\_americas\hr\253_
507,lewis-a\all_documents\72_
508,jones-t\all_documents\10317_
509,whitt-m\inbox\61_
510,lucci-p\deleted_items\337_
511,whalley-l\all_documents\951_
512,beck-s\all_documents\3551_
513,tycholiz-b\inbox\534_
514,kitchen-l\_americas\regulatory\177_
515,baughman-d\deleted_items\165_
516,hayslett-r\projects\project_fremont\2_
517,dasovich-j\all_documents\12808_
518,baughman-d\deleted_items\234_
519,dasovich-j\all_documents\27846_
520,carson-m\inbox\116_
521,thomas-p\deleted_items\153_
522,corman-s\deleted_items\441_
523,nemec-g\inbox\1665_
524,thomas-p\inbox\61_
525,nemec-g\all_documents\5904_
526,bass-e\all_documents\39_
527,dasovich-j\sent_items\25_
528,cash-m\deleted_items\161_
529,shackleton-s\deleted_items\592_
530,shapiro-r\canada\54_
531,mann-k\all_documents\5200_
532,baughman-d\deleted_items\236_
533,baughman-d\deleted_items\166_
534,hain-m\all_documents\185_
535,motley-m\deleted_items\38_
536,beck-s\all_documents\188_
537,dasovich-j\all_documents\28693_
538,kean-s\japan\221_
539,shackleton-s\all_documents\9336_
540,sager-e\all_documents\809_
541,shackleton-s\deleted_items\189_
542,griffith-j\deleted_items\387_
543,cash-m\inbox\dlr\18_
544,mann-k\sent_items\238_
545,schoolcraft-d\inbox\junk\67_
546,kean-s\california_campaign\28_
547,crandell-s\deleted_items\12_
548,hyatt-k\deleted_items\215_
549,kean-s\sent_items\568_
550,kaminski-v\all_documents\2076_
551,dasovich-j\all_documents\13375_
552,stepenovitch-j\deleted_items\147_
553,shapiro-r\all_documents\639_
554,crandell-s\inbox\9_
555,lay-k\inbox\934_
556,kitchen-l\_americas\regulatory\190_
557,shapiro-r\all_documents\887_
558,skilling-j\inbox\1462_
559,derrick-j\inbox\98_
560,kean-s\deleted_items\170_
561,rapp-b\inbox\259_
562,kean-s\all_documents\4679_
563,whalley-g\all_documents\353_
564,mckay-b\deleted_items\163_
565,kean-s\all_documents\5759_
566,bass-e\deleted_items\254_
567,shapiro-r\deleted_items\68_
568,lay-k\inbox\536_
569,kitchen-l\_americas\regulatory\143_
570,shankman-j\deleted_items\10_
571,kaminski-v\deleted_items\1291_
572,martin-t\inbox\114_
573,dasovich-j\inbox\1553_
574,thomas-p\deleted_items\424_
575,crandell-s\deleted_items\50_
576,ring-r\eesi_deleted_documents\19_
577,lewis-a\deleted_items\1144_
578,baughman-d\deleted_items\423_
579,mckay-b\deleted_items\213_
580,thomas-p\deleted_items\10_
581,motley-m\deleted_items\42_
582,thomas-p\inbox\71_
583,kaminski-v\all_documents\2607_
584,thomas-p\deleted_items\146_
585,lewis-a\deleted_items\975_
586,kean-s\all_documents\9003_
587,lay-k\inbox\611_
588,buy-r\inbox\190_
589,thomas-p\deleted_items\255_
590,shapiro-r\deleted_items\597_
591,kean-s\deleted_items\376_
592,nemec-g\all_documents\5936_
593,keavey-p\deleted_items\468_
594,lokey-t\inbox\278_
595,dasovich-j\all_documents\27968_
596,thomas-p\deleted_items\563_
597,shapiro-r\all_documents\1810_
598,baughman-d\inbox\319_
599,arnold-j\inbox\80_
600,baughman-d\deleted_items\419_
601,dasovich-j\all_documents\8863_
602,lucci-p\sent_items\285_
603,nemec-g\inbox\385_
604,shackleton-s\deleted_items\415_
605,kitchen-l\deleted_items\174_
606,blair-l\deleted_items\596_
607,ring-r\eesi_deleted_documents\8_
608,lewis-a\deleted_items\108_
609,lewis-a\deleted_items\922_
610,grigsby-m\all_documents\99_
611,mccarty-d\deleted_items\34_
612,skilling-j\deleted_items\304_
613,rapp-b\inbox\42_
614,thomas-p\inbox\21_
615,dasovich-j\all_documents\28614_
616,dasovich-j\deleted_items\545_
617,hyatt-k\deleted_items\276_
618,taylor-m\all_documents\8543_
619,lay-k\inbox\518_
620,zipper-a\deleted_items\177_
621,kean-s\all_documents\5443_
622,causholli-m\inbox\131_
623,bass-e\deleted_items\127_
624,whitt-m\inbox\374_
625,arora-h\deleted_items\110_
626,dasovich-j\all_documents\13208_
627,saibi-e\inbox\1018_
628,kean-s\deleted_items\322_
629,rapp-b\inbox\278_
630,crandell-s\deleted_items\82_
631,ruscitti-k\emailaddresses\87_
632,rapp-b\deleted_items\172_
633,lay-k\inbox\691_
634,shapiro-r\all_documents\943_
635,thomas-p\sent_items\88_
636,heard-m\deleted_items\238_
637,horton-s\deleted_items\114_
638,kuykendall-t\all_documents\162_
639,kean-s\deleted_items\311_
640,shapiro-r\deleted_items\681_
641,hyatt-k\deleted_items\502_
642,thomas-p\inbox\52_
643,rapp-b\inbox\360_
644,shapiro-r\all_documents\215_
645,guzman-m\all_documents\1102_
646,perlingiere-d\inbox\46_
647,lay-k\inbox\616_
648,smith-m\deleted_items\47_
649,thomas-p\deleted_items\108_
650,lay-k\inbox\638_
651,motley-m\deleted_items\83_
652,ring-r\eesi_deleted_documents\39_
653,hyatt-k\deleted_items\311_
654,williams-w3\bill_williams_iii\661_
655,mckay-b\deleted_items\12_
656,kean-s\deleted_items\17_
657,motley-m\inbox\ene_portland\administrative\34_
658,dasovich-j\all_documents\8519_
659,blair-l\deleted_items\539_
660,baughman-d\deleted_items\135_
661,kean-s\deleted_items\64_
662,lay-k\all_documents\982_
663,dasovich-j\all_documents\9204_
664,carson-m\deleted_items\201_
665,rapp-b\deleted_items\6_
666,dasovich-j\all_documents\8520_
667,baughman-d\deleted_items\146_
668,crandell-s\deleted_items\39_
669,dasovich-j\all_documents\10933_
670,lay-k\inbox\1689_
671,shapiro-r\west\19_
672,symes-k\all_documents\3665_
673,carson-m\deleted_items\125_
674,mcconnell-m\all_documents\4_
675,baughman-d\inbox\245_
676,baughman-d\inbox\231_
677,shapiro-r\all_documents\924_
678,dasovich-j\all_documents\9049_
679,dasovich-j\all_documents\12412_
680,dasovich-j\all_documents\29113_
681,haedicke-m\inbox\2_
682,white-s\deleted_items\360_
683,dasovich-j\all_documents\9010_
684,kaminski-v\deleted_items\2219_
685,saibi-e\inbox\345_
686,dasovich-j\all_documents\8374_
687,shapiro-r\deleted_items\1404_
688,derrick-j\sent_items\526_
689,rapp-b\deleted_items\149_
690,shapiro-r\west\20_
691,dasovich-j\all_documents\28688_
692,shapiro-r\deleted_items\206_
693,hyatt-k\deleted_items\370_
694,martin-t\inbox\42_
695,hyatt-k\deleted_items\11_
696,taylor-m\inbox\lisa_j\13_
697,taylor-m\inbox\lisa_j\14_
698,kean-s\pr_crisis_management\12_
699,shankman-j\deleted_items\624_
700,thomas-p\calendar\14_
701,kean-s\deleted_items\10_
702,smith-m\inbox\463_
703,thomas-p\deleted_items\485_
704,tholt-j\deleted_items\33_
705,kean-s\all_documents\2119_
706,kean-s\pr_crisis_management\61_
707,motley-m\deleted_items\2_
708,tholt-j\deleted_items\23_
709,baughman-d\deleted_items\58_
710,parks-j\deleted_items\665_
711,haedicke-m\inbox\237_
712,dasovich-j\all_documents\11924_
713,dasovich-j\all_documents\27829_
714,guzman-m\all_documents\1341_
715,mckay-b\inbox\66_
716,shankman-j\all_documents\484_
717,thomas-p\deleted_items\316_
718,kean-s\all_documents\4683_
719,mckay-b\deleted_items\142_
720,sanders-r\all_documents\1303_
721,lewis-a\deleted_items\1293_
722,hyatt-k\deleted_items\229_
723,mcconnell-m\all_documents\365_
724,hyatt-k\deleted_items\367_
725,lewis-a\all_documents\50_
726,geaccone-t\deleted_items\286_
727,baughman-d\deleted_items\374_
728,saibi-e\inbox\158_
729,williams-j\deleted_items\255_
730,crandell-s\inbox\52_
731,hendrickson-s\deleted_items\58_
732,kitchen-l\deleted_items\62_
733,martin-t\inbox\120_
734,pimenov-v\_sent_mail\1_
735,thomas-p\deleted_items\127_
736,skilling-j\inbox\1437_
737,kitchen-l\_americas\mrha\ooc\94_
738,lewis-a\deleted_items\600_
739,dasovich-j\all_documents\11778_
740,weldon-c\inbox\1_
741,cash-m\inbox\dlr\22_
742,dasovich-j\all_documents\12801_
743,kitchen-l\deleted_items\124_
744,mann-k\all_documents\3871_
745,whalley-l\all_documents\1054_
746,guzman-m\all_documents\539_
747,grigsby-m\all_documents\124_
748,kean-s\all_documents\4700_
749,kean-s\deleted_items\13_
750,dasovich-j\all_documents\4415_
751,perlingiere-d\deleted_items\494_
752,cash-m\inbox\dlr\7_
753,crandell-s\inbox\179_
754,dasovich-j\all_documents\8614_
755,hendrickson-s\deleted_items\22_
756,dasovich-j\deleted_items\1526_
757,perlingiere-d\deleted_items\565_
758,zipper-a\deleted_items\176_
759,dasovich-j\all_documents\10361_
760,martin-t\inbox\12_
761,kaminski-v\sent_items\1352_
762,ring-r\eesi_deleted_documents\10_
763,geaccone-t\inbox\568_
764,hyatt-k\deleted_items\223_
765,kean-s\deleted_items\315_
766,dasovich-j\all_documents\27832_
767,dasovich-j\all_documents\9371_
768,crandell-s\deleted_items\23_
769,shapiro-r\all_documents\1644_
770,dasovich-j\deleted_items\753_
771,skilling-j\deleted_items\141_
772,martin-t\inbox\133_
773,hyatt-k\deleted_items\147_
774,scholtes-d\ferc\58_
775,thomas-p\deleted_items\142_
776,lucci-p\deleted_items\414_
777,nemec-g\all_documents\5040_
778,keavey-p\deleted_items\244_
779,hain-m\all_documents\823_
780,skilling-j\all_documents\1421_
781,dasovich-j\all_documents\8864_
782,dasovich-j\all_documents\28758_
783,kitchen-l\_americas\regulatory\5_
784,horton-s\deleted_items\99_
785,williams-j\deleted_items\172_
786,haedicke-m\all_documents\864_
787,weldon-c\deleted_items\55_
788,weldon-c\deleted_items\70_
789,beck-s\all_documents\241_
790,dasovich-j\all_documents\9471_
791,thomas-p\deleted_items\327_
792,weldon-c\inbox\30_
793,jones-t\sent_items\29_
794,skilling-j\deleted_items\305_
795,rapp-b\deleted_items\41_
796,shapiro-r\federal_legis_\77_
797,dasovich-j\all_documents\13101_
798,geaccone-t\deleted_items\285_
799,crandell-s\deleted_items\35_
800,crandell-s\deleted_items\54_
801,dasovich-j\all_documents\10536_
802,kaminski-v\sent_items\989_
803,kean-s\deleted_items\53_
804,lenhart-m\deleted_items\74_
805,lewis-a\deleted_items\645_
806,kean-s\all_documents\6433_
807,shapiro-r\all_documents\538_
808,lewis-a\deleted_items\28_
809,motley-m\deleted_items\14_
810,mcconnell-m\all_documents\318_
811,kean-s\deleted_items\184_
812,kean-s\all_documents\6249_
813,lay-k\inbox\25_
814,dasovich-j\all_documents\29227_
815,kaminski-v\inbox\294_
816,bass-e\inbox\212_
817,dasovich-j\all_documents\29068_
818,whitt-m\inbox\442_
819,motley-m\deleted_items\49_
820,martin-t\deleted_items\40_
821,shackleton-s\all_documents\5223_
822,martin-t\deleted_items\73_
823,kean-s\all_documents\6460_
824,kitchen-l\_americas\mrha\ooc\132_
825,shackleton-s\deleted_items\465_
826,kitchen-l\deleted_items\143_
827,mann-k\sent_items\34_
828,campbell-l\all_documents\1208_
829,lay-k\inbox\983_
830,kean-s\all_documents\5308_
831,martin-t\inbox\94_
832,lay-k\deleted_items\921_
833,kean-s\deleted_items\49_
834,dasovich-j\sent_items\588_
835,scott-s\sent_items\413_
836,dasovich-j\all_documents\28619_
837,derrick-j\deleted_items\5_
838,shackleton-s\deleted_items\463_
839,dasovich-j\all_documents\13391_
840,lay-k\inbox\651_
841,thomas-p\deleted_items\311_
842,kaminski-v\deleted_items\2185_
843,whalley-g\all_documents\265_
844,hyatt-k\personal\124_
845,kaminski-v\deleted_items\359_
846,kean-s\management_conference\1_
847,motley-m\inbox\ene_portland\administrative\41_
848,dasovich-j\all_documents\12604_
849,thomas-p\deleted_items\61_
850,shackleton-s\deleted_items\282_
851,smith-m\deleted_items\76_
852,dasovich-j\sent_items\47_
853,dasovich-j\all_documents\12973_
854,dasovich-j\deleted_items\2079_
855,dasovich-j\all_documents\28621_
856,mann-k\all_documents\3899_
857,dasovich-j\all_documents\13046_
858,weldon-c\deleted_items\124_
859,dasovich-j\all_documents\13210_
860,dasovich-j\all_documents\12249_
861,dasovich-j\all_documents\10945_
862,baughman-d\personal\jokes\2_
863,thomas-p\deleted_items\214_
864,dasovich-j\sent_items\600_
865,smith-m\deleted_items\59_
866,dasovich-j\all_documents\13178_
867,baughman-d\deleted_items\140_
868,mckay-b\deleted_items\13_
869,kitchen-l\deleted_items\149_
870,kean-s\sent_items\16_
871,dasovich-j\sent_items\227_
872,dasovich-j\all_documents\27878_
873,lay-k\inbox\111_
874,jones-t\sent_items\31_
875,tholt-j\deleted_items\115_
876,arnold-j\deleted_items\177_
877,rapp-b\inbox\48_
878,thomas-p\deleted_items\622_
879,grigsby-m\deleted_items\155_
880,shapiro-r\all_documents\1599_
881,symes-k\all_documents\3152_
882,smith-m\inbox\158_
883,kean-s\all_documents\5968_
884,thomas-p\inbox\54_
885,dasovich-j\all_documents\29056_
886,shankman-j\deleted_items\29_
887,dasovich-j\all_documents\9485_
888,dasovich-j\all_documents\10056_
889,lenhart-m\sent_items\827_
890,kaminski-v\all_documents\2744_
891,kean-s\deleted_items\229_
892,mclaughlin-e\deleted_items\312_
893,hyatt-k\deleted_items\227_
894,hyatt-k\deleted_items\636_
895,dasovich-j\all_documents\28604_
896,thomas-p\inbox\180_
897,taylor-m\deleted_items\460_
898,kean-s\deleted_items\309_
899,kaminski-v\c\technote\mail\techmemos\5_
900,buy-r\sent_items\234_
901,lewis-a\deleted_items\850_
902,lewis-a\all_documents\106_
903,arnold-j\sent_items\140_
904,crandell-s\deleted_items\18_
905,shapiro-r\deleted_items\1375_
906,kaminski-v\sent_items\1291_
907,shapiro-r\deleted_items\1491_
908,kitchen-l\_americas\mrha\ooc\182_
909,kean-s\all_documents\6487_
910,dasovich-j\all_documents\8664_
911,ring-r\eesi_deleted_documents\11_
912,shapiro-r\deleted_items\981_
913,derrick-j\inbox\172_
914,williams-j\inbox\202_
915,dasovich-j\all_documents\12634_
916,grigsby-m\all_documents\32_
917,hyatt-k\deleted_items\216_
918,grigsby-m\all_documents\104_
919,motley-m\deleted_items\10_
920,horton-s\deleted_items\248_
921,martin-t\deleted_items\79_
922,kean-s\deleted_items\308_
923,whalley-g\all_documents\187_
924,kitchen-l\sent_items\1026_
925,lewis-a\deleted_items\495_
926,kean-s\all_documents\5035_
927,fossum-d\all_documents\1090_
928,dasovich-j\all_documents\28711_
929,lay-k\inbox\102_
930,hain-m\all_documents\429_
931,dasovich-j\all_documents\10046_
932,crandell-s\inbox\28_
933,dasovich-j\all_documents\8920_
934,lay-k\inbox\963_
935,martin-t\inbox\106_
936,kaminski-v\deleted_items\2_
937,williams-j\deleted_items\18_
938,thomas-p\inbox\42_
939,hyatt-k\deleted_items\334_
940,thomas-p\deleted_items\179_
941,tholt-j\deleted_items\117_
942,shapiro-r\deleted_items\1472_
943,lewis-a\inbox\41_
944,kean-s\deleted_items\252_
945,kaminski-v\deleted_items\50_
946,shankman-j\deleted_items\270_
947,storey-g\deleted_items\139_
948,benson-r\inbox\large_messages\13_
949,motley-m\inbox\ene_portland\middle_market\27_
950,rapp-b\inbox\142_
951,shapiro-r\deleted_items\153_
952,williams-w3\bill_williams_iii\295_
953,kean-s\inbox\64_
954,storey-g\sent_items\70_
955,shapiro-r\deleted_items\655_
956,taylor-m\deleted_items\426_
957,kaminski-v\deleted_items\1241_
958,weldon-c\deleted_items\91_
959,shapiro-r\all_documents\625_
960,martin-t\deleted_items\11_
961,shackleton-s\deleted_items\442_
962,lokey-t\sandy\3_
963,thomas-p\inbox\102_
964,shapiro-r\all_documents\492_
965,taylor-m\inbox\methanol_plant\14_
966,kaminski-v\all_documents\1106_
967,shapiro-r\all_documents\832_
968,dasovich-j\all_documents\8196_
969,thomas-p\deleted_items\107_
970,lenhart-m\sent_items\385_
971,kean-s\all_documents\5155_
972,dasovich-j\all_documents\28609_
973,kean-s\india\254_
974,baughman-d\deleted_items\229_
975,lay-k\inbox\970_
976,shapiro-r\deleted_items\1207_
977,mckay-b\deleted_items\145_
978,kean-s\all_documents\2147_
979,bass-e\inbox\277_
980,dasovich-j\all_documents\9469_
981,whalley-l\all_documents\514_
982,bass-e\inbox\63_
983,hodge-j\inbox\3_
984,kean-s\sent_items\277_
985,haedicke-m\inbox\535_
986,taylor-m\all_documents\7404_
987,saibi-e\inbox\559_
988,mann-k\all_documents\3909_
989,lokey-t\inbox\21_
990,shapiro-r\all_documents\857_
991,thomas-p\deleted_items\278_
992,perlingiere-d\deleted_items\520_
993,cuilla-m\deleted_items\48_
994,dasovich-j\all_documents\13172_
995,hain-m\all_documents\725_
996,dasovich-j\all_documents\28587_
997,lewis-a\inbox\85_
998,hyatt-k\deleted_items\399_
999,shapiro-r\deleted_items\480_
1000,weldon-c\deleted_items\264_
1001,smith-m\inbox\145_
1002,williams-w3\timbelden\6_
1003,shackleton-s\deleted_items\372_
1004,thomas-p\deleted_items\314_
1005,bass-e\deleted_items\196_
1006,kean-s\all_documents\6532_
1007,hayslett-r\all_documents\442_
1008,perlingiere-d\all_documents\966_
1009,cash-m\deleted_items\196_
1010,lay-k\inbox\1721_
1011,townsend-j\deleted_items\3_
1012,cash-m\inbox\dlr\12_
1013,kean-s\deleted_items\355_
1014,lay-k\inbox\74_
1015,dasovich-j\all_documents\12246_
1016,cuilla-m\sent_items\45_
1017,shapiro-r\all_documents\232_
1018,rapp-b\deleted_items\155_
1019,dasovich-j\deleted_items\892_
1020,baughman-d\deleted_items\424_
1021,dasovich-j\deleted_items\362_
1022,kean-s\deleted_items\483_
1023,dasovich-j\all_documents\28603_
1024,shapiro-r\all_documents\368_
1025,lewis-a\deleted_items\634_
1026,ring-r\eesirenewableenergy\71_
1027,kean-s\deleted_items\439_
1028,shankman-j\deleted_items\846_
1029,kean-s\all_documents\6319_
1030,lewis-a\deleted_items\853_
1031,lay-k\inbox\680_
1032,shapiro-r\broadband_services\42_
1033,dasovich-j\all_documents\13490_
1034,dasovich-j\all_documents\12871_
1035,bass-e\all_documents\125_
1036,shapiro-r\deleted_items\858_
1037,dasovich-j\all_documents\28361_
1038,dasovich-j\all_documents\12941_
1039,shapiro-r\deleted_items\491_
1040,crandell-s\inbox\73_
1041,beck-s\deleted_items\284_
1042,whalley-g\inbox\157_
1043,mcconnell-m\articles\12_
1044,dasovich-j\deleted_items\1544_
1045,kean-s\all_documents\6488_
1046,dasovich-j\all_documents\11641_
1047,dasovich-j\all_documents\13043_
1048,hyatt-k\projects\sun_devil\143_
1049,kitchen-l\_americas\press\26_
1050,dasovich-j\all_documents\12040_
1051,skilling-j\deleted_items\428_
1052,dasovich-j\all_documents\12704_
1053,derrick-j\inbox\106_
1054,kean-s\sent_items\219_
1055,perlingiere-d\deleted_items\516_
1056,kean-s\deleted_items\216_
1057,dasovich-j\all_documents\9827_
1058,hain-m\all_documents\414_
1059,mann-k\all_documents\3910_
1060,rapp-b\deleted_items\144_
1061,baughman-d\inbox\380_
1062,arnold-j\deleted_items\294_
1063,martin-t\inbox\46_
1064,campbell-l\all_documents\1848_
1065,shackleton-s\deleted_items\385_
1066,kean-s\deleted_items\167_
1067,platter-p\deleted_items\49_
1068,dasovich-j\all_documents\12711_
1069,lay-k\inbox\29_
1070,thomas-p\deleted_items\644_
1071,mckay-b\deleted_items\63_
1072,symes-k\all_documents\3675_
1073,kean-s\all_documents\6367_
1074,lay-k\deleted_items\157_
1075,hyatt-k\deleted_items\373_
1076,dasovich-j\sent\3884_
1077,taylor-m\deleted_items\603_
1078,rogers-b\deleted_items\282_
1079,kitchen-l\_americas\mrha\ooc\116_
1080,kaminski-v\all_documents\271_
1081,ring-r\eesi_deleted_documents\20_
1082,baughman-d\deleted_items\216_
1083,kaminski-v\deleted_items\357_
1084,mcconnell-m\all_documents\336_
1085,kitchen-l\_americas\regulatory\126_
1086,thomas-p\deleted_items\664_
1087,skilling-j\all_documents\1497_
1088,kaminski-v\all_documents\1824_
1089,shapiro-r\all_documents\1532_
1090,shapiro-r\deleted_items\774_
1091,staab-t\deleted_items\30_
1092,dasovich-j\inbox\775_
1093,skilling-j\inbox\2492_
1094,shapiro-r\all_documents\1802_
1095,saibi-e\inbox\855_
1096,shapiro-r\all_documents\697_
1097,shackleton-s\deleted_items\391_
1098,dasovich-j\all_documents\9363_
1099,dasovich-j\all_documents\12862_
1100,mims-thurston-p\deleted_items\64_
1101,steffes-j\sent_items\868_
1102,thomas-p\deleted_items\543_
1103,lay-k\inbox\1085_
1104,shapiro-r\all_documents\844_
1105,hain-m\all_documents\1105_
1106,weldon-c\deleted_items\223_
1107,taylor-m\inbox\lisa_j\4_
1108,kaminski-v\deleted_items\1141_
1109,quenet-j\deleted_items\106_
1110,corman-s\sent_items\31_
1111,kean-s\pr_crisis_management\99_
1112,dasovich-j\all_documents\11326_
1113,shapiro-r\all_documents\687_
1114,thomas-p\inbox\17_
1115,baughman-d\inbox\226_
1116,kean-s\all_documents\5987_
1117,kean-s\all_documents\6485_
1118,williams-w3\bill_williams_iii\765_
1119,williams-j\deleted_items\112_
1120,lucci-p\deleted_items\378_
1121,thomas-p\deleted_items\124_
1122,haedicke-m\all_documents\5144_
1123,kean-s\deleted_items\433_
1124,dasovich-j\all_documents\28967_
1125,thomas-p\deleted_items\45_
1126,rogers-b\inbox\8_
1127,dasovich-j\all_documents\13174_
1128,taylor-m\inbox\mary_schoen\1_
1129,kaminski-v\all_documents\2613_
1130,dasovich-j\all_documents\12840_
1131,dasovich-j\all_documents\28968_
1132,dasovich-j\deleted_items\1645_
1133,shapiro-r\deleted_items\360_
1134,kean-s\inbox\18_
1135,dasovich-j\all_documents\27803_
1136,bass-e\all_documents\166_
1137,perlingiere-d\deleted_items\615_
1138,carson-m\deleted_items\175_
1139,guzman-m\all_documents\1276_
1140,dasovich-j\all_documents\4333_
1141,kaminski-v\deleted_items\2108_
1142,kitchen-l\deleted_items\95_
1143,zipper-a\deleted_items\58_
1144,baughman-d\inbox\131_
1145,kean-s\sent_items\43_
1146,zipper-a\deleted_items\63_
1147,kaminski-v\deleted_items\18_
1148,kaminski-v\deleted_items\300_
1149,kean-s\all_documents\4770_
1150,love-p\all_documents\56_
1151,derrick-j\deleted_items\128_
1152,saibi-e\inbox\1003_
1153,weldon-c\deleted_items\165_
1154,lay-k\inbox\579_
1155,symes-k\all_documents\3599_
1156,dasovich-j\all_documents\11777_
1157,kaminski-v\deleted_items\1746_
1158,hayslett-r\all_documents\385_
1159,shapiro-r\deleted_items\381_
1160,motley-m\deleted_items\55_
1161,dasovich-j\all_documents\12348_
1162,rapp-b\inbox\47_
1163,skilling-j\inbox\1321_
1164,baughman-d\inbox\350_
1165,kaminski-v\deleted_items\2491_
1166,shackleton-s\deleted_items\33_
1167,dasovich-j\all_documents\27777_
1168,grigsby-m\all_documents\141_
1169,kean-s\all_documents\6242_
1170,shapiro-r\all_documents\554_
1171,hendrickson-s\deleted_items\6_
1172,thomas-p\deleted_items\549_
1173,dasovich-j\all_documents\13242_
1174,kaminski-v\inbox\450_
1175,shapiro-r\india\18_
1176,smith-m\inbox\14_
1177,crandell-s\sent_items\141_
1178,kean-s\all_documents\2282_
1179,guzman-m\all_documents\1571_
1180,dasovich-j\deleted_items\240_
1181,rapp-b\inbox\264_
1182,shapiro-r\notre_dame\36_
1183,shapiro-r\all_documents\855_
1184,lucci-p\inbox\175_
1185,kaminski-v\deleted_items\1435_
1186,kaminski-v\deleted_items\372_
1187,taylor-m\inbox\mary_schoen\7_
1188,ring-r\personalfolder\57_
1189,mckay-b\deleted_items\297_
1190,thomas-p\deleted_items\194_
1191,shapiro-r\venezuela_colombia\7_
1192,horton-s\deleted_items\112_
1193,mckay-b\deleted_items\257_
1194,baughman-d\enron_power\miso\27_
1195,storey-g\deleted_items\79_
1196,dasovich-j\all_documents\12850_
1197,dasovich-j\all_documents\10977_
1198,parks-j\inbox\508_
1199,rogers-b\deleted_items\175_
1200,lokay-m\personal\163_
1201,thomas-p\deleted_items\175_
1202,kaminski-v\deleted_items\1868_
1203,buy-r\sent_items\84_
1204,baughman-d\inbox\371_
1205,rogers-b\inbox\21_
1206,kean-s\all_documents\2298_
1207,martin-t\deleted_items\64_
1208,derrick-j\inbox\60_
1209,kean-s\deleted_items\430_
1210,mann-k\all_documents\4813_
1211,lucci-p\deleted_items\434_
1212,whalley-g\all_documents\329_
1213,thomas-p\deleted_items\192_
1214,kean-s\all_documents\5186_
1215,lokey-t\inbox\613_
1216,tholt-j\deleted_items\116_
1217,cash-m\inbox\dlr\11_
1218,skilling-j\all_documents\507_
1219,mckay-b\deleted_items\137_
1220,smith-m\inbox\497_
1221,kean-s\pr_crisis_management\22_
1222,lenhart-m\sent_items\588_
1223,perlingiere-d\deleted_items\160_
1224,shackleton-s\deleted_items\43_
1225,stepenovitch-j\deleted_items\150_
1226,thomas-p\deleted_items\253_
1227,dasovich-j\deleted_items\1528_
1228,geaccone-t\inbox\229_
1229,weldon-c\deleted_items\83_
1230,zipper-a\deleted_items\179_
1231,motley-m\deleted_items\45_
1232,kaminski-v\inbox\455_
1233,mims-thurston-p\deleted_items\88_
1234,dasovich-j\deleted_items\1749_
1235,hyatt-k\personal\96_
1236,kean-s\deleted_items\152_
1237,kaminski-v\sent_items\649_
1238,weldon-c\deleted_items\176_
1239,cash-m\inbox\dlr\20_
1240,williams-j\deleted_items\268_
1241,kitchen-l\deleted_items\137_
1242,dasovich-j\deleted_items\507_
1243,dasovich-j\sent_items\867_
1244,martin-t\deleted_items\38_
1245,saibi-e\inbox\1036_
1246,parks-j\inbox\496_
1247,baughman-d\deleted_items\336_
1248,nemec-g\all_documents\5035_
1249,smith-m\inbox\430_
1250,lay-k\inbox\515_
1251,kaminski-v\deleted_items\1432_
1252,kean-s\sent_items\69_
1253,martin-t\inbox\83_
1254,dasovich-j\all_documents\8197_
1255,kean-s\all_documents\8800_
1256,perlingiere-d\deleted_items\514_
1257,sanders-r\iso__pricecaps\459_
1258,mcconnell-m\deleted_items\48_
1259,crandell-s\deleted_items\66_
1260,shapiro-r\all_documents\665_
1261,watson-k\e_mail_bin\289_
1262,williams-j\deleted_items\178_
1263,shapiro-r\deleted_items\347_
1264,hain-m\all_documents\101_
1265,watson-k\e_mail_bin\148_
1266,sanders-r\all_documents\1966_
1267,geaccone-t\inbox\530_
1268,shackleton-s\deleted_items\464_
1269,dasovich-j\all_documents\12696_
1270,dasovich-j\all_documents\13132_
1271,kean-s\all_documents\5321_
1272,mann-k\all_documents\3926_
1273,saibi-e\inbox\640_
1274,weldon-c\inbox\17_
1275,mims-thurston-p\deleted_items\34_
1276,scott-s\inbox\199_
1277,taylor-m\inbox\lisa_j\59_
1278,weldon-c\deleted_items\112_
1279,smith-m\deleted_items\68_
1280,dasovich-j\all_documents\13181_
1281,tholt-j\deleted_items\19_
1282,kitchen-l\deleted_items\173_
1283,ring-r\eesi_deleted_documents\14_
1284,shapiro-r\all_documents\152_
1285,kean-s\all_documents\5318_
1286,lewis-a\deleted_items\17_
1287,baughman-d\deleted_items\17_
1288,steffes-j\sent_items\1527_
1289,taylor-m\deleted_items\324_
1290,ward-k\deleted_items\320_
1291,dasovich-j\all_documents\12794_
1292,taylor-m\inbox\lisa_j\7_
1293,thomas-p\deleted_items\115_
1294,nemec-g\inbox\403_
1295,smith-m\inbox\438_
1296,keavey-p\deleted_items\34_
1297,weldon-c\deleted_items\63_
1298,grigsby-m\deleted_items\351_
1299,bass-e\deleted_items\330_
1300,love-p\all_documents\688_
1301,kaminski-v\deleted_items\1429_
1302,steffes-j\sent_items\1251_
1303,baughman-d\deleted_items\416_
1304,dasovich-j\all_documents\10683_
1305,harris-s\deleted_items\77_
1306,arnold-j\deleted_items\268_
1307,scott-s\deleted_items\474_
1308,crandell-s\deleted_items\75_
1309,campbell-l\inbox\685_
1310,giron-d\inbox\397_
1311,lay-k\deleted_items\1008_
1312,williams-j\deleted_items\85_
1313,kean-s\deleted_items\312_
1314,lenhart-m\deleted_items\139_
1315,skilling-j\deleted_items\296_
1316,shapiro-r\deleted_items\532_
1317,kaminski-v\sent_items\926_
1318,kitchen-l\_americas\mrha\ooc\107_
1319,kean-s\deleted_items\36_
1320,martin-t\inbox\90_
1321,forney-j\sent_items\378_
1322,dean-c\info\35_
1323,grigsby-m\all_documents\165_
1324,farmer-d\inbox\15_
1325,fossum-d\_sent_mail\1376_
1326,grigsby-m\all_documents\160_
1327,sager-e\all_documents\515_
1328,weldon-c\deleted_items\49_
1329,sager-e\all_documents\3152_
1330,platter-p\inbox\155_
1331,dasovich-j\all_documents\13122_
1332,hyatt-k\deleted_items\392_
1333,kaminski-v\all_documents\1947_
1334,kaminski-v\all_documents\2002_
1335,kean-s\california_campaign\21_
1336,guzman-m\all_documents\14_
1337,martin-t\inbox\101_
1338,shapiro-r\all_documents\1814_
1339,rapp-b\deleted_items\25_
1340,kean-s\deleted_items\180_
1341,shapiro-r\deleted_items\209_
1342,kaminski-v\cera\1_
1343,skilling-j\inbox\1493_
1344,presto-k\deleted_items\1527_
1345,bass-e\inbox\220_
1346,grigsby-m\all_documents\43_
1347,baughman-d\inbox\200_
1348,dasovich-j\all_documents\28070_
1349,bass-e\deleted_items\313_
1350,crandell-s\deleted_items\15_
1351,arora-h\deleted_items\134_
1352,hayslett-r\deleted_items\56_
1353,lewis-a\all_documents\34_
1354,arnold-j\sent_items\139_
1355,gilbertsmith-d\inbox\89_
1356,kean-s\all_documents\5401_
1357,perlingiere-d\deleted_items\513_
1358,weldon-c\deleted_items\107_
1359,taylor-m\deleted_items\601_
1360,saibi-e\inbox\1110_
1361,thomas-p\deleted_items\90_
1362,hendrickson-s\deleted_items\42_
1363,dasovich-j\all_documents\13359_
1364,motley-m\deleted_items\60_
1365,kean-s\deleted_items\296_
1366,baughman-d\inbox\179_
1367,symes-k\all_documents\3776_
1368,kean-s\deleted_items\141_
1369,keavey-p\inbox\202_
1370,thomas-p\deleted_items\288_
1371,saibi-e\inbox\246_
1372,shapiro-r\all_documents\913_
1373,kean-s\pr_crisis_management\44_
1374,hyatt-k\deleted_items\462_
1375,dasovich-j\deleted_items\739_
1376,hain-m\all_documents\918_
1377,hyatt-k\deleted_items\619_
1378,kitchen-l\deleted_items\72_
1379,steffes-j\deleted_items\550_
1380,thomas-p\deleted_items\686_
1381,dasovich-j\inbox\1056_
1382,shapiro-r\deleted_items\755_
1383,corman-s\deleted_items\450_
1384,derrick-j\inbox\69_
1385,martin-t\inbox\103_
1386,baughman-d\inbox\386_
1387,kean-s\all_documents\6384_
1388,thomas-p\deleted_items\6_
1389,baughman-d\inbox\191_
1390,dasovich-j\deleted_items\291_
1391,shackleton-s\deleted_items\401_
1392,weldon-c\deleted_items\123_
1393,hendrickson-s\deleted_items\39_
1394,steffes-j\sent_items\601_
1395,derrick-j\sent_items\378_
1396,lewis-a\deleted_items\1649_
1397,taylor-m\all_documents\8330_
1398,kean-s\all_documents\5685_
1399,cash-m\inbox\dlr\41_
1400,motley-m\deleted_items\64_
1401,zipper-a\deleted_items\178_
1402,williams-j\deleted_items\104_
1403,motley-m\inbox\ene_portland\administrative\36_
1404,saibi-e\inbox\141_
1405,thomas-p\deleted_items\232_
1406,saibi-e\inbox\53_
1407,giron-d\inbox\157_
1408,corman-s\deleted_items\127_
1409,buy-r\inbox\870_
1410,lay-k\inbox\977_
1411,ring-r\eesi_deleted_documents\18_
1412,taylor-m\inbox\methanol_plant\12_
1413,grigsby-m\all_documents\20_
1414,symes-k\all_documents\1925_
1415,steffes-j\sent_items\553_
1416,lay-k\inbox\959_
1417,dasovich-j\sent_items\46_
1418,shapiro-r\deleted_items\431_
1419,dasovich-j\inbox\1053_
1420,kaminski-v\deleted_items\309_
1421,mims-thurston-p\deleted_items\28_
1422,dasovich-j\all_documents\28412_
1423,lay-k\inbox\377_
1424,taylor-m\inbox\lisa_j\53_
1425,ring-r\eesi_deleted_documents\40_
1426,haedicke-m\inbox\578_
1427,dasovich-j\all_documents\11635_
1428,ring-r\eesi_deleted_documents\17_
1429,thomas-p\deleted_items\420_
1430,scott-s\all_documents\989_
1431,kitchen-l\deleted_items\76_
1432,cash-m\inbox\dlr\30_
1433,shapiro-r\deleted_items\78_
1434,saibi-e\inbox\260_
1435,dasovich-j\all_documents\12952_
1436,germany-c\deleted_items\277_
1437,lewis-a\deleted_items\620_
1438,corman-s\deleted_items\107_
1439,mckay-b\deleted_items\270_
1440,dasovich-j\all_documents\27886_
1441,kean-s\deleted_items\48_
1442,dasovich-j\all_documents\10969_
1443,hyatt-k\deleted_items\124_
1444,hyatt-k\deleted_items\354_
1445,kitchen-l\deleted_items\146_
1446,dasovich-j\all_documents\8691_
1447,saibi-e\inbox\292_
1448,geaccone-t\deleted_items\284_
1449,shackleton-s\deleted_items\470_
1450,pereira-s\deleted_items\15_
1451,smith-m\inbox\445_
1452,arora-h\deleted_items\178_
1453,lewis-a\all_documents\95_
1454,mann-k\all_documents\3898_
1455,buy-r\deleted_items\102_
1456,dasovich-j\all_documents\8858_
1457,lay-k\inbox\67_
1458,dasovich-j\all_documents\12156_
1459,kean-s\deleted_items\130_
1460,lokey-t\deleted_items\51_
1461,watson-k\e_mail_bin\269_
1462,keavey-p\all_documents\419_
1463,arnold-j\deleted_items\349_
1464,dasovich-j\deleted_items\2000_
1465,thomas-p\deleted_items\669_
1466,scott-s\inbox\419_
1467,symes-k\all_documents\3671_
1468,campbell-l\inbox\686_
1469,mann-k\all_documents\3343_
1470,dasovich-j\all_documents\8518_
1471,grigsby-m\all_documents\89_
1472,symes-k\all_documents\2211_
1473,steffes-j\sent_items\30_
1474,dasovich-j\all_documents\28834_
1475,dasovich-j\all_documents\12926_
1476,shapiro-r\deleted_items\1405_
1477,kean-s\deleted_items\159_
1478,dasovich-j\all_documents\11325_
1479,bass-e\inbox\71_
1480,kean-s\environmental_issues\216_
1481,dasovich-j\all_documents\7899_
1482,mims-thurston-p\inbox\45_
1483,kean-s\all_documents\6510_
1484,kean-s\all_documents\5594_
1485,bass-e\sent_items\251_
1486,shackleton-s\deleted_items\455_
1487,weldon-c\deleted_items\150_
1488,thomas-p\deleted_items\522_
1489,shapiro-r\all_documents\635_
1490,beck-s\sent_items\387_
1491,dasovich-j\all_documents\13240_
1492,skilling-j\inbox\39_
1493,kaminski-v\deleted_items\519_
1494,kean-s\all_documents\6003_
1495,dasovich-j\all_documents\28094_
1496,perlingiere-d\deleted_items\586_
1497,steffes-j\sent_items\1188_
1498,dasovich-j\deleted_items\457_
1499,dasovich-j\all_documents\28091_
1500,lay-k\inbox\992_
1501,hyatt-k\projects\tsunami\4_
1502,rapp-b\deleted_items\121_
1503,baughman-d\inbox\327_
1504,shapiro-r\deleted_items\1372_
1505,grigsby-m\all_documents\118_
1506,baughman-d\deleted_items\199_
1507,williams-j\deleted_items\123_
1508,kaminski-v\deleted_items\1290_
1509,kean-s\all_documents\8770_
1510,storey-g\deleted_items\229_
1511,thomas-p\deleted_items\197_
1512,shapiro-r\deleted_items\1409_
1513,guzman-m\all_documents\180_
1514,shapiro-r\deleted_items\16_
1515,mckay-b\deleted_items\209_
1516,shapiro-r\india\11_
1517,parks-j\sent_items\16_
1518,rapp-b\inbox\27_
1519,shackleton-s\deleted_items\471_
1520,arnold-j\all_documents\807_
1521,lenhart-m\deleted_items\177_
1522,taylor-m\inbox\218_
1523,dasovich-j\all_documents\11546_
1524,kitchen-l\_americas\regulatory\96_
1525,saibi-e\inbox\1035_
1526,mckay-b\deleted_items\258_
1527,kean-s\deleted_items\187_
1528,hendrickson-s\deleted_items\120_
1529,kean-s\deleted_items\310_
1530,thomas-p\deleted_items\32_
1531,thomas-p\deleted_items\571_
1532,dasovich-j\all_documents\10421_
1533,giron-d\deleted_items\267_
1534,lay-k\inbox\41_
1535,whalley-l\all_documents\991_
1536,schoolcraft-d\inbox\junk\609_
1537,kitchen-l\deleted_items\104_
1538,arnold-j\deleted_items\567_
1539,kean-s\environmental_issues\219_
1540,kitchen-l\_americas\mrha\ooc\118_
1541,dasovich-j\all_documents\10345_
1542,baughman-d\inbox\100_
1543,thomas-p\deleted_items\536_
1544,scott-s\all_documents\1061_
1545,shapiro-r\all_documents\131_
1546,corman-s\inbox\archives\old_messages\30_
1547,dasovich-j\all_documents\11783_
1548,dasovich-j\all_documents\28004_
1549,motley-m\deleted_items\27_
1550,smith-m\deleted_items\86_
1551,derrick-j\deleted_items\94_
1552,carson-m\sent_items\104_
1553,mann-k\sent_items\33_
1554,kean-s\deleted_items\145_
1555,perlingiere-d\deleted_items\523_
1556,kitchen-l\deleted_items\114_
1557,zipper-a\deleted_items\408_
1558,dasovich-j\deleted_items\716_
1559,kean-s\all_documents\5814_
1560,kean-s\sec\3_
1561,gilbertsmith-d\all_documents\102_
1562,grigsby-m\all_documents\40_
1563,kean-s\all_documents\8955_
1564,weldon-c\deleted_items\101_
1565,thomas-p\deleted_items\103_
1566,guzman-m\all_documents\628_
1567,mann-k\all_documents\3914_
1568,kaminski-v\inbox\225_
1569,nemec-g\all_documents\5242_
1570,smith-m\inbox\269_
1571,delainey-d\all_documents\18_
1572,cash-m\inbox\dlr\6_
1573,dasovich-j\all_documents\28811_
1574,blair-l\deleted_items\446_
1575,kitchen-l\deleted_items\102_
1576,shapiro-r\mid_atlantic\12_
1577,shackleton-s\deleted_items\449_
1578,sanders-r\iso__pricecaps\445_
1579,cash-m\inbox\dlr\37_
1580,symes-k\all_documents\3306_
1581,baughman-d\deleted_items\164_
1582,baughman-d\deleted_items\169_
1583,taylor-m\inbox\lisa_j\54_
1584,arnold-j\all_documents\860_
1585,cash-m\general_research\10_
1586,thomas-p\deleted_items\488_
1587,kean-s\all_documents\5062_
1588,dasovich-j\all_documents\12799_
1589,perlingiere-d\deleted_items\524_
1590,saibi-e\inbox\65_
1591,shackleton-s\inbox\1034_
1592,guzman-m\all_documents\1526_
1593,baughman-d\deleted_items\227_
1594,lay-k\deleted_items\1140_
1595,kaminski-v\sent_items\925_
1596,shapiro-r\all_documents\348_
1597,derrick-j\inbox\113_
1598,shapiro-r\deleted_items\573_
1599,hyatt-k\deleted_items\20_
1600,perlingiere-d\deleted_items\515_
1601,thomas-p\deleted_items\324_
1602,dasovich-j\deleted_items\479_
1603,lay-k\inbox\673_
1604,dasovich-j\all_documents\10527_
1605,kitchen-l\_americas\tammie\63_
1606,scott-s\inbox\283_
1607,kean-s\all_documents\2325_
1608,ring-r\eesi_deleted_documents\16_
1609,staab-t\deleted_items\234_
1610,mckay-b\deleted_items\34_
1611,ring-r\eesi_deleted_documents\12_
1612,kaminski-v\all_documents\2381_
1613,taylor-m\deleted_items\513_
1614,scott-s\deleted_items\475_
1615,ring-r\eesi_deleted_documents\7_
1616,williams-j\deleted_items\139_
1617,skilling-j\deleted_items\466_
1618,dasovich-j\inbox\550_
1619,arora-h\deleted_items\111_
1620,steffes-j\sent_items\844_
1621,shapiro-r\deleted_items\507_
1622,thomas-p\deleted_items\673_
1623,thomas-p\deleted_items\30_
1624,whalley-l\all_documents\986_
1625,kitchen-l\_americas\mexico\36_
1626,mckay-b\deleted_items\320_
1627,kaminski-v\deleted_items\264_
1628,shapiro-r\all_documents\1675_
1629,whalley-l\all_documents\1152_
1630,dasovich-j\all_documents\9882_
1631,zipper-a\sent_items\36_
1632,taylor-m\inbox\mary_schoen\11_
1633,dasovich-j\all_documents\13006_
1634,thomas-p\deleted_items\326_
1635,dasovich-j\all_documents\13081_
1636,swerzbin-m\sent_items\51_
1637,fossum-d\all_documents\1618_
1638,dasovich-j\all_documents\10459_
1639,thomas-p\deleted_items\9_
1640,lay-k\inbox\482_
1641,baughman-d\deleted_items\220_
1642,rapp-b\inbox\185_
1643,ruscitti-k\deleted_items\10_
1644,dasovich-j\all_documents\10756_
1645,shankman-j\deleted_items\747_
1646,thomas-p\deleted_items\482_
1647,ermis-f\all_documents\315_
1648,dasovich-j\all_documents\8905_
1649,lay-k\inbox\301_
1650,dasovich-j\all_documents\9222_
1651,shapiro-r\deleted_items\1457_
1652,saibi-e\inbox\83_
1653,thomas-p\deleted_items\233_
1654,dasovich-j\all_documents\13102_
1655,steffes-j\sent_items\130_
1656,thomas-p\deleted_items\64_
1657,weldon-c\deleted_items\14_
1658,zipper-a\deleted_items\131_
1659,kean-s\all_documents\5357_
1660,lay-k\inbox\238_
1661,shapiro-r\deleted_items\327_
1662,taylor-m\inbox\lisa_j\27_
1663,kean-s\environmental_issues\212_
1664,shackleton-s\sent_items\672_
1665,dasovich-j\deleted_items\8_
1666,lenhart-m\sent_items\389_
1667,dasovich-j\all_documents\28875_
1668,crandell-s\deleted_items\28_
1669,thomas-p\inbox\77_
1670,dasovich-j\all_documents\10758_
1671,shapiro-r\all_documents\334_
1672,kean-s\all_documents\5379_
1673,kitchen-l\_americas\regulatory\218_
1674,thomas-p\deleted_items\34_
1675,martin-t\deleted_items\42_
1676,taylor-m\inbox\lisa_j\42_
1677,dasovich-j\all_documents\12957_
1678,kean-s\deleted_items\375_
1679,skilling-j\inbox\26_
1680,kean-s\all_documents\5162_
1681,dasovich-j\all_documents\8530_
1682,kaminski-v\deleted_items\1433_
1683,baughman-d\deleted_items\84_
1684,mann-k\all_documents\4292_
1685,baughman-d\deleted_items\375_
1686,benson-r\all_documents\10_
1687,thomas-p\inbox\288_
1688,derrick-j\deleted_items\110_
1689,love-p\deleted_items\67_
1690,fossum-d\all_documents\1587_
1691,keavey-p\deleted_items\70_
1692,kean-s\all_documents\5187_
1693,baughman-d\inbox\121_
1694,kean-s\all_documents\5424_
1695,tholt-j\deleted_items\18_
1696,dasovich-j\all_documents\11785_
1697,lavorato-j\all_documents\787_
1698,kean-s\deleted_items\317_
1699,dasovich-j\all_documents\9774_
1700,presto-k\sent_items\611_
1701,mcconnell-m\all_documents\52_
1702,hyatt-k\deleted_items\259_
1703,saibi-e\inbox\177_
1704,thomas-p\deleted_items\401_
1705,hyatt-k\deleted_items\350_
1706,platter-p\sent_items\53_
1707,crandell-s\deleted_items\57_
1708,kaminski-v\deleted_items\754_
1709,shapiro-r\ferc\8_
1710,allen-p\deleted_items\226_
1711,kitchen-l\_americas\mrha\ooc\119_
1712,buy-r\deleted_items\78_
1713,corman-s\deleted_items\303_
1714,shapiro-r\deleted_items\855_
1715,jones-t\all_documents\11188_
1716,kean-s\all_documents\5165_
1717,kean-s\sent_items\555_
1718,shapiro-r\deleted_items\111_
1719,kitchen-l\_americas\mrha\ooc\136_
1720,skilling-j\deleted_items\372_
1721,taylor-m\deleted_items\507_
1722,dasovich-j\all_documents\29006_
1723,keavey-p\all_documents\5_
1724,dasovich-j\deleted_items\655_
1725,taylor-m\deleted_items\92_
1726,hyatt-k\deleted_items\242_
1727,arnold-j\sent_items\163_
1728,dasovich-j\all_documents\29040_
1729,taylor-m\deleted_items\345_
1730,hyatt-k\deleted_items\71_
1731,thomas-p\deleted_items\248_
1732,townsend-j\deleted_items\55_
1733,lay-k\inbox\132_
1734,dasovich-j\sent_items\522_
1735,dasovich-j\all_documents\13246_
1736,shapiro-r\all_documents\819_
1737,lay-k\inbox\201_
1738,kean-s\california_campaign\20_
1739,lewis-a\deleted_items\626_
1740,wolfe-j\08_saved\7_
1741,skilling-j\deleted_items\140_
1742,dasovich-j\all_documents\28868_
1743,presto-k\sent_items\826_
1744,shapiro-r\deleted_items\124_
1745,smith-m\inbox\419_
1746,derrick-j\deleted_items\271_
1747,saibi-e\inbox\667_
1748,bass-e\all_documents\223_
1749,dasovich-j\all_documents\28966_
1750,dasovich-j\all_documents\12253_
1751,ward-k\all_documents\293_
1752,parks-j\deleted_items\736_
1753,parks-j\inbox\41_
1754,smith-m\deleted_items\61_
1755,bass-e\deleted_items\364_
1756,derrick-j\inbox\33_
1757,lay-k\deleted_items\810_
1758,derrick-j\deleted_items\210_
1759,shapiro-r\deleted_items\703_
1760,lewis-a\deleted_items\625_
1761,dasovich-j\all_documents\11487_
1762,dasovich-j\all_documents\12806_
1763,shackleton-s\all_documents\9946_
1764,dasovich-j\inbox\769_
1765,germany-c\deleted_items\275_
1766,keavey-p\deleted_items\281_
1767,dasovich-j\all_documents\28999_
1768,ruscitti-k\inbox\16_
1769,hyatt-k\inbox\25_
1770,giron-d\sent_items\75_
1771,hyatt-k\personal\travel\3_
1772,lay-k\inbox\604_
1773,cash-m\inbox\dlr\29_
1774,skilling-j\mark\91_
1775,causholli-m\inbox\167_
1776,martin-t\inbox\82_
1777,shapiro-r\all_documents\656_
1778,storey-g\deleted_items\335_
1779,buy-r\inbox\80_
1780,buy-r\sent_items\195_
1781,lay-k\inbox\213_
1782,thomas-p\deleted_items\63_
1783,shapiro-r\deleted_items\469_
1784,smith-m\deleted_items\84_
1785,mann-k\all_documents\2582_
1786,taylor-m\inbox\lisa_j\39_
1787,kean-s\all_documents\4810_
1788,motley-m\inbox\ene_portland\administrative\48_
1789,crandell-s\deleted_items\48_
1790,hyatt-k\deleted_items\385_
1791,kaminski-v\sent_items\2637_
1792,shapiro-r\all_documents\1829_
1793,dasovich-j\all_documents\10694_
1794,skilling-j\deleted_items\470_
1795,lewis-a\deleted_items\923_
1796,motley-m\deleted_items\78_
1797,kaminski-v\inbox\226_
1798,mckay-b\all_documents\14_
1799,mims-thurston-p\inbox\69_
1800,thomas-p\inbox\38_
1801,dasovich-j\all_documents\27799_
1802,mckay-b\deleted_items\84_
1803,thomas-p\deleted_items\252_
1804,baughman-d\deleted_items\265_
1805,shapiro-r\deleted_items\1456_
1806,steffes-j\sent_items\29_
1807,dasovich-j\all_documents\8189_
1808,kean-s\deleted_items\401_
1809,scott-s\deleted_items\340_
1810,saibi-e\inbox\677_
1811,dasovich-j\all_documents\12280_
1812,shapiro-r\all_documents\683_
1813,hyatt-k\deleted_items\198_
1814,kaminski-v\all_documents\300_
1815,kean-s\sent_items\194_
1816,corman-s\inbox\archives\old_messages\125_
1817,dasovich-j\all_documents\10325_
1818,kean-s\deleted_items\148_
1819,lewis-a\deleted_items\72_
1820,shapiro-r\all_documents\1628_
1821,corman-s\inbox\archives\283_
1822,dasovich-j\all_documents\10327_
1823,geaccone-t\inbox\50_
1824,smith-m\inbox\490_
1825,shapiro-r\deleted_items\691_
1826,scott-s\deleted_items\61_
1827,lewis-a\deleted_items\683_
1828,mckay-b\deleted_items\287_
1829,kean-s\all_documents\8820_
1830,shapiro-r\all_documents\835_
1831,kaminski-v\all_documents\2380_
1832,kean-s\deleted_items\1_
1833,baughman-d\inbox\248_
1834,dasovich-j\all_documents\12712_
1835,cash-m\inbox\42_
1836,skilling-j\inbox\1492_
1837,watson-k\e_mail_bin\209_
1838,baughman-d\inbox\157_
1839,martin-t\inbox\146_
1840,mcconnell-m\inbox\44_
1841,dasovich-j\all_documents\28812_
1842,skilling-j\inbox\1290_
1843,dasovich-j\sent_items\535_
1844,kean-s\all_documents\6435_
1845,shapiro-r\deleted_items\29_
1846,dasovich-j\all_documents\28595_
1847,ruscitti-k\inbox\34_
1848,dasovich-j\all_documents\11542_
1849,dasovich-j\all_documents\11895_
1850,dasovich-j\all_documents\8558_
1851,watson-k\deleted_items\374_
1852,shackleton-s\all_documents\10218_
1853,baughman-d\inbox\162_
1854,dasovich-j\all_documents\28843_
1855,shackleton-s\deleted_items\447_
1856,kean-s\environmental_issues\217_
1857,lewis-a\deleted_items\647_
1858,lewis-a\deleted_items\39_
1859,dasovich-j\all_documents\10753_
1860,lewis-a\deleted_items\658_
1861,dasovich-j\all_documents\8394_
1862,carson-m\inbox\40_
1863,bailey-s\deleted_items\308_
1864,thomas-p\deleted_items\94_
1865,motley-m\deleted_items\81_
1866,thomas-p\deleted_items\68_
1867,corman-s\sent_items\34_
1868,lenhart-m\deleted_items\24_
1869,lewis-a\all_documents\185_
1870,ruscitti-k\emailaddresses\11_
1871,kaminski-v\all_documents\2395_
1872,baughman-d\deleted_items\270_
1873,quenet-j\deleted_items\41_
1874,lewis-a\deleted_items\456_
1875,fossum-d\all_documents\1421_
1876,lewis-a\deleted_items\1099_
1877,thomas-p\inbox\403_
1878,williams-j\deleted_items\210_
1879,richey-c\inbox\31_
1880,smith-m\inbox\219_
1881,mckay-b\inbox\47_
1882,taylor-m\inbox\lisa_j\8_
1883,rapp-b\inbox\154_
1884,cash-m\sent_items\428_
1885,storey-g\deleted_items\107_
1886,neal-s\inbox\147_
1887,dasovich-j\all_documents\13184_
1888,benson-r\inbox\201_
1889,kean-s\all_documents\8953_
1890,smith-m\inbox\297_
1891,kitchen-l\_americas\mrha\ooc\113_
1892,lewis-a\inbox\128_
1893,mckay-b\deleted_items\277_
1894,farmer-d\all_documents\3769_
1895,sanders-r\all_documents\2079_
1896,hyatt-k\deleted_items\605_
1897,davis-d\all_documents\109_
1898,giron-d\all_documents\269_
1899,lay-k\inbox\125_
1900,shapiro-r\all_documents\589_
1901,dorland-c\inbox\32_
1902,cuilla-m\sent_items\44_
1903,presto-k\deleted_items\747_
1904,thomas-p\deleted_items\479_
1905,dasovich-j\all_documents\12338_
1906,hyatt-k\inbox\24_
1907,semperger-c\deleted_items\269_
1908,kitchen-l\deleted_items\175_
1909,kean-s\pr_crisis_management\42_
1910,saibi-e\inbox\79_
1911,rapp-b\inbox\326_
1912,hyatt-k\personal\42_
1913,mckay-b\deleted_items\181_
1914,corman-s\sent_items\363_
1915,bass-e\all_documents\37_
1916,kean-s\sent_items\301_
1917,grigsby-m\sent_items\146_
1918,hayslett-r\projects\recruiting\23_
1919,kuykendall-t\deleted_items\139_
1920,thomas-p\inbox\55_
1921,hyatt-k\deleted_items\211_
1922,weldon-c\deleted_items\185_
1923,kean-s\greenhouse_gas_business\7_
1924,weldon-c\deleted_items\75_
1925,salisbury-h\read\57_
1926,ybarbo-p\deleted_items\130_
1927,shankman-j\old_email\41_
1928,kean-s\all_documents\4911_
1929,lewis-a\deleted_items\974_
1930,kaminski-v\all_documents\2009_
1931,dasovich-j\all_documents\27776_
1932,whalley-l\all_documents\1158_
1933,dasovich-j\deleted_items\423_
1934,kaminski-v\all_documents\317_
1935,kean-s\all_documents\6536_
1936,dasovich-j\all_documents\8493_
1937,grigsby-m\all_documents\37_
1938,williams-j\deleted_items\189_
1939,dasovich-j\all_documents\12418_
1940,mann-k\all_documents\4276_
1941,weldon-c\deleted_items\131_
1942,mims-thurston-p\deleted_items\138_
1943,dasovich-j\all_documents\9916_
1944,dasovich-j\all_documents\28611_
1945,weldon-c\deleted_items\254_
1946,dasovich-j\all_documents\13401_
1947,crandell-s\deleted_items\56_
1948,kean-s\all_documents\5909_
1949,kean-s\all_documents\6055_
1950,bass-e\all_documents\100_
1951,thomas-p\deleted_items\158_
1952,williams-j\deleted_items\126_
1953,mckay-b\deleted_items\9_
1954,dasovich-j\all_documents\10620_
1955,kitchen-l\deleted_items\45_
1956,ruscitti-k\inbox\62_
1957,thomas-p\deleted_items\325_
1958,kean-s\deleted_items\7_
1959,derrick-j\sent_items\156_
1960,skilling-j\deleted_items\476_
1961,hain-m\all_documents\409_
1962,kean-s\all_documents\8975_
1963,saibi-e\inbox\1061_
1964,shapiro-r\deleted_items\317_
1965,shapiro-r\all_documents\686_
1966,nemec-g\all_documents\5937_
1967,crandell-s\deleted_items\81_
1968,lewis-a\deleted_items\725_
1969,lenhart-m\inbox\2_
1970,shapiro-r\deleted_items\822_
1971,dasovich-j\all_documents\8978_
1972,hyatt-k\personal\79_
1973,nemec-g\inbox\1784_
1974,dasovich-j\all_documents\12495_
1975,zipper-a\inbox\133_
1976,campbell-l\inbox\548_
1977,cash-m\inbox\310_
1978,watson-k\e_mail_bin\106_
1979,williams-j\deleted_items\227_
1980,kitchen-l\deleted_items\12_
1981,shapiro-r\all_documents\1643_
1982,taylor-m\inbox\nox_model\websites\4_
1983,dasovich-j\all_documents\11331_
1984,perlingiere-d\deleted_items\508_
1985,bass-e\deleted_items\83_
1986,ring-r\eesi_deleted_documents\13_
1987,mann-k\all_documents\3912_
1988,hyatt-k\deleted_items\526_
1989,thomas-p\deleted_items\198_
1990,townsend-j\deleted_items\43_
1991,ruscitti-k\inbox\20_
1992,lay-k\all_documents\1079_
1993,taylor-m\inbox\236_
1994,dasovich-j\sent_items\887_
1995,saibi-e\inbox\1134_
1996,kean-s\india\250_
1997,scholtes-d\ferc\39_
1998,thomas-p\inbox\276_
1999,shapiro-r\deleted_items\794_
2000,kean-s\deleted_items\461_
2001,thomas-p\deleted_items\66_
2002,shackleton-s\deleted_items\178_
2003,kean-s\california_pg_e_bankruptcy\37_
2004,blair-l\deleted_items\580_
2005,baughman-d\enron_power\miso\11_
2006,dasovich-j\inbox\787_
2007,skilling-j\inbox\2498_
2008,derrick-j\sent_items\297_
2009,shapiro-r\india\19_
2010,kean-s\all_documents\5057_
2011,thomas-p\deleted_items\228_
2012,saibi-e\inbox\94_
2013,zipper-a\deleted_items\436_
2014,kean-s\deleted_items\61_
2015,kean-s\all_documents\8976_
2016,lokay-m\all_documents\2092_
2017,taylor-m\all_documents\8329_
2018,dasovich-j\all_documents\12666_
2019,dasovich-j\sent_items\783_
2020,shapiro-r\deleted_items\707_
2021,scott-s\deleted_items\133_
2022,lay-k\inbox\736_
2023,baughman-d\personal\jokes\8_
2024,dasovich-j\all_documents\8522_
2025,shapiro-r\all_documents\864_
2026,dasovich-j\inbox\6_
2027,carson-m\deleted_items\44_
2028,zipper-a\inbox\162_
2029,kean-s\caliornia___investigations\43_
2030,perlingiere-d\all_documents\2031_
2031,horton-s\inbox\20_
2032,reitmeyer-j\inbox\446_
2033,bass-e\deleted_items\16_
2034,kean-s\all_documents\6504_
2035,dasovich-j\inbox\598_
2036,allen-p\all_documents\19_
2037,kean-s\deleted_items\247_
2038,kean-s\deleted_items\316_
2039,kaminski-v\all_documents\1702_
2040,ring-a\all_documents\53_
2041,mckay-b\inbox\51_
2042,kean-s\sent_items\333_
2043,kean-s\all_documents\8840_
2044,kaminski-v\deleted_items\446_
2045,scott-s\deleted_items\428_
2046,derrick-j\inbox\79_
2047,bass-e\inbox\29_
2048,williams-j\deleted_items\162_
2049,baughman-d\inbox\365_
2050,dasovich-j\all_documents\9428_
2051,derrick-j\inbox\90_
2052,dasovich-j\sent_items\792_
2053,dasovich-j\all_documents\13357_
2054,dasovich-j\all_documents\9197_
2055,hain-m\all_documents\437_
2056,thomas-p\inbox\57_
2057,dasovich-j\all_documents\28207_
2058,guzman-m\all_documents\1199_
2059,kaminski-v\deleted_items\2457_
2060,thomas-p\deleted_items\187_
2061,kean-s\all_documents\4721_
2062,lewis-a\inbox\92_
2063,kaminski-v\all_documents\2612_
2064,kean-s\all_documents\2106_
2065,wolfe-j\06_saved\78_
2066,shankman-j\all_documents\546_
2067,kaminski-v\all_documents\1823_
2068,baughman-d\inbox\185_
2069,shapiro-r\deleted_items\591_
2070,motley-m\deleted_items\33_
2071,smith-m\inbox\330_
2072,lewis-a\deleted_items\308_
2073,lewis-a\deleted_items\1249_
2074,shapiro-r\all_documents\420_
2075,watson-k\e_mail_bin\165_
2076,dasovich-j\all_documents\12702_
2077,storey-g\deleted_items\255_
2078,carson-m\sent_items\105_
2079,dasovich-j\all_documents\10515_
2080,thomas-p\deleted_items\201_
2081,lewis-a\deleted_items\189_
2082,lewis-a\inbox\56_
2083,shapiro-r\deleted_items\477_
2084,martin-t\inbox\116_
2085,reitmeyer-j\inbox\412_
2086,mckay-b\deleted_items\255_
2087,steffes-j\sent_items\205_
2088,mann-k\all_documents\3852_
2089,storey-g\deleted_items\174_
2090,kean-s\all_documents\6259_
2091,saibi-e\inbox\183_
2092,cuilla-m\sent_items\42_
2093,hyatt-k\deleted_items\646_
2094,gilbertsmith-d\inbox\52_
2095,baughman-d\deleted_items\46_
2096,kitchen-l\_americas\regulatory\111_
2097,kaminski-v\deleted_items\337_
2098,hyatt-k\deleted_items\189_
2099,kean-s\all_documents\4776_
2100,martin-t\inbox\73_
2101,shackleton-s\deleted_items\416_
2102,benson-r\inbox\106_
2103,kaminski-v\deleted_items\604_
2104,lucci-p\inbox\66_
2105,sager-e\all_documents\3178_
2106,smith-m\inbox\505_
2107,kean-s\all_documents\5275_
2108,dasovich-j\all_documents\27756_
2109,derrick-j\deleted_items\239_
2110,kean-s\deleted_items\314_
2111,rapp-b\deleted_items\146_
2112,shapiro-r\deleted_items\1276_
2113,corman-s\inbox\archives\old_messages\86_
2114,hyatt-k\deleted_items\458_
2115,schoolcraft-d\inbox\junk\123_
2116,kean-s\deleted_items\20_
2117,presto-k\sent_items\1095_
2118,kean-s\all_documents\8881_
2119,dasovich-j\all_documents\7797_
2120,lewis-a\inbox\80_
2121,mann-k\all_documents\3814_
2122,germany-c\inbox\132_
2123,motley-m\deleted_items\23_
2124,thomas-p\deleted_items\552_
2125,carson-m\deleted_items\186_
2126,kean-s\all_documents\5320_
2127,kean-s\contributions\9_
2128,dasovich-j\all_documents\29013_
2129,dasovich-j\all_documents\8590_
2130,kaminski-v\sent_items\2673_
2131,dasovich-j\all_documents\13209_
2132,dasovich-j\all_documents\13119_
2133,scott-s\deleted_items\181_
2134,mims-thurston-p\deleted_items\125_
2135,heard-m\deleted_items\3_
2136,kean-s\deleted_items\188_
2137,kitchen-l\deleted_items\136_
2138,martin-t\inbox\96_
2139,thomas-p\deleted_items\442_
2140,white-s\personal\7_
2141,ring-r\deleted_items\129_
2142,skilling-j\inbox\193_
2143,lewis-a\deleted_items\919_
2144,dasovich-j\all_documents\13171_
2145,shapiro-r\all_documents\711_
2146,lewis-a\deleted_items\929_
2147,dasovich-j\all_documents\28748_
2148,scott-s\deleted_items\134_
2149,saibi-e\inbox\229_
2150,lewis-a\deleted_items\1090_
2151,cuilla-m\sent_items\1_
2152,thomas-p\deleted_items\51_
2153,dasovich-j\all_documents\8513_
2154,hain-m\all_documents\607_
2155,kean-s\texas\27_
2156,kaminski-v\sent_items\2363_
2157,dasovich-j\deleted_items\646_
2158,geaccone-t\_sent_mail\135_
2159,kean-s\all_documents\5147_
2160,smith-m\inbox\242_
2161,staab-t\deleted_items\261_
2162,kaminski-v\all_documents\2615_
2163,hain-m\all_documents\765_
2164,skilling-j\deleted_items\165_
2165,shapiro-r\all_documents\261_
2166,cash-m\inbox\dlr\42_
2167,dasovich-j\all_documents\29058_
2168,dasovich-j\all_documents\28212_
2169,smith-m\inbox\406_
2170,kuykendall-t\all_documents\218_
2171,rapp-b\inbox\228_
2172,dasovich-j\all_documents\7882_
2173,kean-s\deleted_items\437_
2174,lay-k\inbox\425_
2175,crandell-s\deleted_items\7_
2176,skilling-j\inbox\874_
2177,baughman-d\inbox\90_
2178,kaminski-v\c\technote\mail\techmemos\6_
2179,lenhart-m\deleted_items\120_
2180,motley-m\deleted_items\71_
2181,bass-e\all_documents\124_
2182,weldon-c\sent_items\199_
2183,williams-j\deleted_items\235_
2184,hayslett-r\all_documents\456_
2185,rogers-b\sent_items\68_
2186,thomas-p\deleted_items\575_
2187,dasovich-j\inbox\1060_
2188,hernandez-j\all_documents\795_
2189,mckay-b\deleted_items\188_
2190,kitchen-l\_americas\mrha\ooc\250_
2191,lay-k\inbox\993_
2192,may-l\inbox\1140_
2193,dasovich-j\all_documents\28872_
2194,shackleton-s\all_documents\5222_
2195,bass-e\all_documents\85_
2196,martin-t\inbox\98_
2197,kean-s\deleted_items\313_
2198,haedicke-m\inbox\90_
2199,perlingiere-d\deleted_items\522_
2200,ring-a\all_documents\52_
2201,dasovich-j\all_documents\8901_
2202,shapiro-r\deleted_items\114_
2203,kean-s\india\253_
2204,dasovich-j\deleted_items\647_
2205,lewis-a\deleted_items\1164_
2206,campbell-l\all_documents\225_
2207,dasovich-j\all_documents\11535_
2208,kean-s\all_documents\5462_
2209,dasovich-j\all_documents\10692_
2210,sager-e\all_documents\793_
2211,kean-s\all_documents\2321_
2212,weldon-c\deleted_items\109_
2213,kitchen-l\deleted_items\156_
2214,shapiro-r\deleted_items\923_
2215,dasovich-j\all_documents\28589_
2216,williams-j\inbox\176_
2217,dasovich-j\all_documents\10641_
2218,scholtes-d\ferc\42_
2219,thomas-p\deleted_items\555_
2220,kaminski-v\deleted_items\526_
2221,shackleton-s\deleted_items\373_
2222,presto-k\deleted_items\148_
2223,thomas-p\deleted_items\671_
2224,mann-k\all_documents\3931_
2225,kean-s\all_documents\9007_
2226,shapiro-r\deleted_items\656_
2227,hyatt-k\deleted_items\289_
2228,lenhart-m\deleted_items\143_
2229,williams-j\inbox\183_
2230,kean-s\all_documents\6345_
2231,skilling-j\deleted_items\205_
2232,dasovich-j\all_documents\13047_
2233,germany-c\deleted_items\66_
2234,kean-s\environmental_issues\215_
2235,mckay-b\inbox\52_
2236,dasovich-j\all_documents\12968_
2237,martin-t\inbox\88_
2238,skilling-j\deleted_items\365_
2239,grigsby-m\all_documents\65_
2240,ybarbo-p\deleted_items\40_
2241,kean-s\all_documents\5744_
2242,gilbertsmith-d\personal\16_
2243,dasovich-j\all_documents\13392_
2244,shapiro-r\all_documents\446_
2245,nemec-g\all_documents\5174_
2246,hernandez-j\all_documents\163_
2247,smith-m\inbox\221_
2248,campbell-l\all_documents\1535_
2249,campbell-l\inbox\506_
2250,smith-m\inbox\41_
2251,whitt-m\inbox\384_
2252,presto-k\deleted_items\128_
2253,haedicke-m\all_documents\4972_
2254,grigsby-m\all_documents\34_
2255,keavey-p\all_documents\358_
2256,smith-m\inbox\108_
2257,dasovich-j\all_documents\11847_
2258,smith-m\inbox\59_
2259,keavey-p\all_documents\337_
2260,haedicke-m\all_documents\4879_
2261,bass-e\all_documents\203_
2262,smith-m\inbox\252_
2263,badeer-r\deleted_items\10_
2264,keavey-p\all_documents\435_
2265,badeer-r\deleted_items\2_
2266,smith-m\inbox\83_
2267,rogers-b\all_documents\86_
2268,keavey-p\all_documents\400_
2269,smith-m\inbox\250_
2270,keavey-p\inbox\355_
2271,keavey-p\inbox\161_
2272,cash-m\inbox\dlr\25_
2273,dasovich-j\all_documents\10791_
2274,keavey-p\inbox\218_
2275,smith-m\inbox\55_
2276,keavey-p\inbox\140_
2277,keavey-p\all_documents\378_
2278,presto-k\inbox\1_
2279,keavey-p\inbox\118_
2280,campbell-l\inbox\1046_
2281,kitchen-l\inbox\5_
2282,keavey-p\inbox\183_
2283,rogers-b\motley_fool_e_mails\1_
2284,whitt-m\inbox\406_
2285,kean-s\all_documents\5828_
2286,bass-e\inbox\239_
2287,smith-m\inbox\115_
2288,smith-m\inbox\245_
2289,hendrickson-s\deleted_items\125_
2290,kitchen-l\deleted_items\103_
2291,mcconnell-m\misc\33_
2292,ring-a\all_documents\86_
2293,cuilla-m\deleted_items\118_
2294,dasovich-j\sent_items\554_
2295,skilling-j\deleted_items\199_
2296,scott-s\all_documents\874_
2297,lay-k\inbox\511_
2298,dasovich-j\all_documents\12880_
2299,donoho-l\inbox\junk_file\409_
2300,dasovich-j\sent_items\551_
2301,dasovich-j\all_documents\11956_
2302,dasovich-j\sent_items\555_
2303,nemec-g\all_documents\6361_
2304,jones-t\all_documents\5742_
2305,kaminski-v\sent_items\225_
2306,dasovich-j\sent_items\533_
2307,jones-t\all_documents\5741_
2308,derrick-j\sent_items\232_
2309,cuilla-m\deleted_items\154_
2310,scott-s\all_documents\841_
2311,derrick-j\sent_items\210_
2312,skilling-j\deleted_items\10_
2313,shapiro-r\deleted_items\702_
2314,shapiro-r\deleted_items\713_
2315,steffes-j\deleted_items\399_
2316,ruscitti-k\deleted_items\32_
2317,sanders-r\sent_items\119_
2318,dasovich-j\sent_items\498_
2319,lucci-p\deleted_items\370_
2320,kaminski-v\all_documents\2405_
2321,dasovich-j\all_documents\12875_
2322,bass-e\all_documents\214_
2323,lay-k\inbox\317_
2324,rogers-b\all_documents\111_
2325,bass-e\inbox\177_
2326,ring-r\eesirenewableenergy\411_
2327,horton-s\all_documents\632_
2328,hayslett-r\all_documents\460_
2329,jones-t\all_documents\5740_
2330,baughman-d\deleted_items\94_
2331,ruscitti-k\inbox\45_
2332,baughman-d\sent_items\66_
2333,lokey-t\_sent_mail\9_
2334,campbell-l\all_documents\1122_
2335,brawner-s\all_documents\10_
2336,dasovich-j\sent_items\549_
2337,mcconnell-m\sent_items\78_
2338,watson-k\e_mail_bin\549_
2339,dasovich-j\sent_items\553_
2340,shackleton-s\sent_items\229_
2341,lokey-t\_sent_mail\10_
2342,dasovich-j\sent_items\534_
2343,hayslett-r\all_documents\389_
2344,pereira-s\sent_items\25_
2345,shankman-j\deleted_items\162_
2346,corman-s\sent_items\45_
2347,shankman-j\deleted_items\161_
2348,dasovich-j\all_documents\10634_
2349,derrick-j\sent_items\209_
2350,dasovich-j\sent_items\557_
2351,dasovich-j\deleted_items\721_
2352,derrick-j\deleted_items\290_
2353,bass-e\all_documents\130_
2354,dasovich-j\all_documents\12860_
2355,hernandez-j\all_documents\184_
2356,nemec-g\inbox\722_
2357,beck-s\sent_items\474_
2358,tholt-j\janie\138_
2359,horton-s\deleted_items\_sent_mail\2_
2360,skilling-j\deleted_items\198_
2361,hernandez-j\all_documents\220_
2362,white-s\sent_items\390_
2363,steffes-j\sent_items\828_
2364,dorland-c\sent_items\5_
2365,derrick-j\sent_items\203_
2366,perlingiere-d\deleted_items\542_
2367,derrick-j\sent_items\204_
2368,dorland-c\deleted_items\5_
2369,cash-m\inbox\dlr\5_
2370,dasovich-j\all_documents\10237_
2371,mclaughlin-e\deleted_items\438_
2372,symes-k\all_documents\2015_
2373,smith-m\inbox\184_
2374,geaccone-t\deleted_items\375_
2375,dasovich-j\all_documents\8983_
2376,semperger-c\sent_items\45_
2377,watson-k\deleted_items\133_
2378,dasovich-j\all_documents\4737_
2379,king-j\deleted_items\133_
2380,lenhart-m\all_documents\100_
2381,dasovich-j\deleted_items\1719_
2382,shapiro-r\all_documents\123_
2383,campbell-l\all_documents\531_
2384,horton-s\deleted_items\373_
2385,dorland-c\deleted_items\124_
2386,lenhart-m\all_documents\99_
2387,dasovich-j\all_documents\9062_
2388,martin-t\inbox\488_
2389,baughman-d\deleted_items\161_
2390,lenhart-m\all_documents\509_
2391,parks-j\deleted_items\949_
2392,rogers-b\inbox\239_
2393,shapiro-r\deleted_items\483_
2394,symes-k\all_documents\2018_
2395,ruscitti-k\sent_items\70_
2396,shapiro-r\deleted_items\1197_
2397,dasovich-j\all_documents\8876_
2398,scott-s\wordsmith\119_
2399,watson-k\deleted_items\34_
2400,hernandez-j\all_documents\124_
